campus,authority,project,building,building_dm_backlog,total_cost,dm_investment,campus_reserves,external,borrowed,state,status
Amherst,Board,Curry Hicks Cage Renovation,Athletic Center,1531158,11600000,11600000,6600000,5000000,0,0,BOT Vote 2 Approved
Amherst,Board,Energy Improvements,Campuswide,,16700000,16700000,495000,2380000,11000000,2825000,BOT Vote 2 Approved
Amherst,Board,Faculty Hire Renovations,Campuswide,,15000000,15000000,1800000,0,13200000,0,BOT Vote 2 Approved
Amherst,Board,Office/Lab/Academic Renovations,Campuswide,,25620000,25620000,9800000,0,14720000,1100000,BOT Vote 2 Approved
Amherst,Board,Conte Cleanroom,Conte Polymer Research Center,21214422,10000000,5000000,10000000,0,0,0,Pending BOT Vote 1
Amherst,Board,Engineering Building,Draper Hall Annex,1181758,125000000,1181758,25000000,37000000,63000000,0,BOT Vote 2 Approved
Amherst,Board,Fine Arts Center Performance Hall Improvements,Fine Arts Center,44715428,19000000,6000000,19000000,0,0,0,Pending BOT Vote 1
Amherst,Board,Flint Renovations,Flint Laboratory,8055447,32000000,32000000,21000000,0,0,11000000,BOT Vote 2 Approved
Amherst,Board,Food Innovation Hub,New Construction,6916992,80000000,20000000,0,20000000,60000000,0,BOT Vote 1 Authorized
Amherst,Board,Computer and Information Sciences Building,New Construction,6916992,125000000,0,0,3000000,47000000,75000000,BOT Vote 2 Approved
Amherst,Board,North Campus Energy Exchange Center,New Construction,6916992,30000000,0,21000000,9000000,0,0,BOT Vote 2 Approved
Amherst,Board,Thermal Energy Storage Tank,New Construction,6916992,14250000,0,14250000,0,0,0,BOT Vote 2 Approved
Amherst,Board,School of Public Health and Health Sciences Hub,New Construction,6916992,43000000,0,300000,5000000,37700000,0,BOT Vote 2 Approved
Amherst,Board,PVTA Bus Garage Expansion,PVTA Bus Facility Building,1743398,11000000,0,0,11000000,0,0,BOT Vote 2 Approved
Amherst,Board,Skinner Nursing Addition,Skinner Hall,326506,40000000,0,25000000,5000000,0,10000000,BOT Vote 1 Authorized
Amherst,Board,Tobin Deferred Maintenance,Tobin Hall,51572255,40000000,40000000,0,0,40000000,0,BOT Vote 1 Authorized
Amherst,President,Brooks/Brett Window Replacement,Brett House,3631338,3000000,3000000,3000000,0,0,0,President Approved
Amherst,President,Butterfield Flooring Replacement,Butterfield Hall,8720753,2000000,2000000,2000000,0,0,0,President Authorized
Amherst,President,Class Lab Renovations,Campuswide,,5000000,5000000,5000000,0,0,0,President Authorized
Amherst,President,New Faculty Hire Renovations,Campuswide,,8000000,8000000,8000000,0,0,0,President Authorized
Amherst,President,Utilities & Infrastructure,Campuswide,,9000000,9000000,7800000,0,0,1200000,President Authorized
Amherst,President,Deferred Maintenance and Campus Infrastructure,Campuswide,,8000000,8000000,8000000,0,0,0,President Approved
Amherst,President,Instructional Space Renovations,Campuswide,,5000000,5000000,5000000,0,0,0,Pending President Approval
Amherst,President,Southwest Laundry and Cooling Space Renovations,Campuswide,,2000000,2000000,2000000,0,0,0,President Approved
Amherst,President,Roof Replacements,Campuswide,,7000000,7000000,5432000,0,0,1568000,President Approved
Amherst,President,Coolidge Life Safety Upgrades,Coolidge Hall,25171593,8000000,8000000,8000000,0,0,0,President Approved
Amherst,President,Gloucester Marine Station Improvements,Gloucester Marine Station,,4550000,4550000,2550000,0,0,2000000,President Approved
Amherst,President,ISOM Restroom & Accessibility Renovations,Isenberg School of Management Building,18766316,2900000,2900000,2900000,0,0,0,President Authorized
Amherst,President,JQA Life Safety Upgrades & Renovation,John Quincy Adams House,27117848,9000000,9000000,9000000,0,0,0,President Approved
Amherst,President,JQA Student Experience Renovations,John Quincy Adams House,27117848,3000000,3000000,3000000,0,0,0,President Approved
Amherst,President,Johnson Residence Hall DM,Johnson Hall,14087789,6000000,6000000,6000000,0,0,0,President Authorized
Amherst,President,Lederle Lab Renovation,Lederle Graduate Research Center,90166558,3000000,3000000,3000000,0,0,0,President Authorized
Amherst,President,Lederle Chemistry Teaching Laboratories,Lederle Graduate Research Center,90166558,9000000,9000000,9000000,0,0,0,President Approved
Amherst,President,Lincoln Campus Center Fire Alarm Upgrade,Lincoln Campus Center,41525838,3700000,3700000,3700000,0,0,0,President Approved
Amherst,President,Lincoln Campus Center 2nd Floor Restroom Reno,Lincoln Campus Center,41525838,2200000,2200000,2200000,0,0,0,President Approved
Amherst,President,Memorial Hall DM,Memorial Hall,5823508,2000000,2000000,2000000,0,0,0,President Approved
Amherst,President,Moore Electrical Upgrades,Moore Hall,9568216,2000000,2000000,2000000,0,0,0,President Approved
Amherst,President,Mt Ida Campus Center Roof & Infrastructure,Mt Ida,,3500000,3500000,1540000,0,0,1960000,President Approved
Amherst,President,Mullins Arena Bowl Telscopic Seating,Mullins Center,18275,2400000,2400000,2400000,0,0,0,President Approved
Amherst,President,Mullins Chillers,Mullins Center,18275,9000000,9000000,3296555,0,0,5703445,President Approved
Amherst,President,Mullins Dehumidification,Mullins Center,18275,3500000,3500000,1844093,0,0,1655907,President Approved
Amherst,President,Center for Early Education and Care,New Construction,6916992,9500000,0,9500000,0,0,0,President Authorized
Amherst,President,Water Engineering Technology Laboratories,New Construction,6916992,8000000,0,1400000,5100000,0,1500000,President Approved
Amherst,President,Utility Storage Tanks,New Construction,6916992,2500000,0,2500000,0,0,0,President Approved
Amherst,President,Pavilion,New Construction,6916992,8425000,0,0,8425000,0,0,President Approved
Amherst,President,Southwest Lowrise Tunnel Renovation,Southwest Concourse,1376647,4000000,4000000,4000000,0,0,0,President Approved
Amherst,President,Southwest Lowrise Tunnel Renovation Phase 2,Southwest Concourse,1376647,4000000,4000000,4000000,0,0,0,President Approved
Amherst,President,SPHHS Dry Lab Renovations,Totman,6916992,2500000,2500000,2500000,0,0,0,President Authorized
Amherst,President,Van Meter Roof Rehabilitation,Van Meter House,13008517,4000000,4000000,1730336,0,0,2269664,President Approved
Amherst,President,Washington Life Safety/Fire Alarm Upgrades,Washington House,,3000000,3000000,3000000,0,0,0,President Approved
Amherst,President,Washington & Kennedy Resident Halls Life Safety Upgrades Phase 2,"Washington House, Kennedy House",49440639,6230000,6230000,6230000,0,0,0,President Approved
Amherst,President,Washington and Kennedy Residence Halls Life Safety Upgrades,"Washington House, Kennedy House",49440639,5000000,5000000,5000000,0,0,0,President Approved
Amherst,President,Wheeler Basement Student Experience Upgrades,Wheeler House,6897308,3500000,3500000,3500000,0,0,0,President Approved
Amherst,President,Mt Ida Wingate Hall Dorm Renovations,Wingate,2177831,6000000,6000000,6000000,0,0,0,President Approved
